{
  "time": 1777278721.6899483,
  "balances": {
    "ARB": 0.311642,
    "ATOM": 0.02273,
    "AVAX": 0.0022216,
    "XRP": 0.00374,
    "USDT": 264.6433328,
    "DOT": 0.008042,
    "DOGE": 0.1461,
    "NEAR": 0.020008,
    "ALGO": 160.64128,
    "MNT": 0.03904914,
    "APT": 19.50977,
    "SOL": 0.22223218,
    "OP": 0.118538,
    "ADA": 0.047712,
    "ROSE": 1.953648,
    "FIL": 0.030684
  }
}